<?xml version="1.0" encoding="UTF-8"?>
<!DOCTYPE mapper
PUBLIC "-//mybatis.org//DTD Mapper 3.0//EN"
"http://mybatis.org/dtd/mybatis-3-mapper.dtd">
<mapper namespace="cn.java.project.dao.admin.NewsCategoryDao">
	<!-- 添加分类 -->
	<insert id="add" parameterType="NewsCategory">
		insert into news_category(id,name,sort) values(null,#{name},#{sort})
	</insert>
	<!-- 修改分类 -->
	<update id="edit" parameterType="NewsCategory">
		update news_category set name = #{name},sort = #{sort} where id = #{id}
	</update>
	<!-- 删除分类 -->
	<delete id="delete" parameterType="Long">
		delete from news_category where id = ${value}
	</delete>
	<!-- 分页获取分类列表 -->
	<select id="findList" parameterType="Map" resultType="NewsCategory">
		select * from news_category where 1 = 1 
		<if test="name != null">
			and name like '%${name}%' 
		</if>
		order by sort asc 
		<if test="offset != null and pageSize != null">
			limit #{offset},#{pageSize}
		</if>
	</select>
	<!-- 获取所有分类列表 -->
	<select id="findAll" parameterType="Map" resultType="NewsCategory">
		select * from news_category order by sort asc 
	</select>
	<!-- 获取单个分类信息 -->
	<select id="find" parameterType="Long" resultType="NewsCategory">
		select * from news_category where id = #{value} 
	</select>
	<!-- 获取符合结果的总记录数 -->
	<select id="getTotal" parameterType="Map" resultType="Integer">
		select count(*) from news_category where 1 = 1 
		<if test="name != null">
			and name like '%${name}%' 
		</if>
	</select>
</mapper>