<?xml version="1.0" encoding="UTF-8"?>
<!DOCTYPE mapper
PUBLIC "-//mybatis.org//DTD Mapper 3.0//EN"
"http://mybatis.org/dtd/mybatis-3-mapper.dtd">
<mapper namespace="cn.java.project.dao.admin.NewsDao">
	<!-- 多表联合查询 -->
	<resultMap type="News" id="newsMap">
		<id column="n_id" property="id" />
		<result column="n_categoryId" property="categoryId" />
		<result column="n_title" property="title" />
		<result column="n_abstrs" property="abstrs" />
		<result column="n_tags" property="tags" />
		<result column="n_photo" property="photo" />
		<result column="n_author" property="author" />
		<result column="n_content" property="content" />
		<result column="n_viewNumber" property="viewNumber" />
		<result column="n_commentNumber" property="commentNumber" />
		<result column="n_createTime" property="createTime" />
		<association property="newsCategory" javaType="NewsCategory">
			<id column="nc_id" property="id" />
			<result column="nc_name" property="name" />
			<result column="nc_sort" property="sort" />
		</association>
	</resultMap>
	
	
	<!-- 添加新闻 -->
	<insert id="add" parameterType="News">
		insert into news(id,categoryId,title,abstrs,tags,photo,author,content,viewNumber,commentNumber,createTime) values(null,#{categoryId},#{title},#{abstrs},#{tags},#{photo},#{author},#{content},#{viewNumber},#{commentNumber},#{createTime})
	</insert>
	<!-- 修改新闻 -->
	<update id="edit" parameterType="News">
		update news set categoryId = #{categoryId}, title = #{title},abstrs = #{abstrs},tags = #{tags},photo = #{photo},author = #{author},content = #{content} where id = #{id}
	</update>
	<!-- 删除新闻 -->
	<delete id="delete" parameterType="Long">
		delete from news where id = ${value}
	</delete>
	<!-- 分页获取新闻列表 -->
	<select id="findList" parameterType="Map" resultMap="newsMap">
		select n.id as n_id,n.categoryId as n_categoryId,n.title as n_title,n.abstrs as n_abstrs,n.tags as n_tags,n.photo as n_photo,n.author as n_author,n.content as n_content,n.viewNumber as n_viewNumber,n.commentNumber as n_commentNumber,n.createTime as n_createTime,
		nc.id as nc_id,nc.name as nc_name,nc.sort as nc_sort 
		from news n,news_category nc where n.categoryId = nc.id  
		<if test="title != null">
			and n.title like '%${title}%' 
		</if>
		<if test="author != null">
			and n.author like '%${author}%' 
		</if>
		<if test="categoryId != null">
			and n.categoryId = #{categoryId}  
		</if>
		order by createTime desc 
		<if test="offset != null and pageSize != null">
			limit #{offset},#{pageSize}
		</if>
	</select>
	<!-- 获取单条新闻记录 -->
	<select id="find" parameterType="Long" resultMap="newsMap">
		select n.id as n_id,n.categoryId as n_categoryId,n.title as n_title,n.abstrs as n_abstrs,n.tags as n_tags,n.photo as n_photo,n.author as n_author,n.content as n_content,n.viewNumber as n_viewNumber,n.commentNumber as n_commentNumber,n.createTime as n_createTime,
		nc.id as nc_id,nc.name as nc_name,nc.sort as nc_sort 
		from news n,news_category nc where n.categoryId = nc.id and n.id = #{value} 
	</select>
	<!-- 获取符合结果的总记录数 -->
	<select id="getTotal" parameterType="Map" resultType="Integer">
		select count(*) from news where 1 = 1 
		<if test="title != null">
			and title like '%${title}%' 
		</if>
		<if test="author != null">
			and author like '%${author}%' 
		</if>
		<if test="categoryId != null">
			and categoryId = #{categoryId}  
		</if>
	</select>
	<!-- 按照评论获取前n条新闻 -->
	<select id="findLastCommentList" parameterType="Integer" resultType="News">
		select * from news order by commentNumber desc limit 0,#{value}
	</select>
	<!-- 修改新闻评论数量 -->
	<update id="updateCommentNumber" parameterType="Long">
		update news set commentNumber = commentNumber + 1 where id = #{id}
	</update>
	<!-- 修改新闻浏览数量 -->
	<update id="updateViewNumber" parameterType="Long">
		update news set viewNumber = viewNumber + 1 where id = #{id}
	</update>
</mapper>